x,y
-1.0,0.36787944117144233
-0.999,0.3682475046136629
-0.998,0.3686159363034188
-0.997,0.3689847366091418
-0.996,0.369353905899632
-0.995,0.369723444544059
-0.994,0.37009335291196127
-0.993,0.37046363137324734
-0.992,0.37083428029819565
-0.991,0.37120530005745517
-0.99,0.3715766910220457
-0.989,0.3719484535633582
-0.988,0.3723205880531552
-0.987,0.3726930948635714
-0.986,0.3730659743671134
-0.985,0.37343922693666093
-0.984,0.3738128529454665
-0.983,0.37418685276715613
-0.982,0.3745612267757298
-0.981,0.37493597534556133
-0.98,0.37531109885139957
-0.979,0.37568659766836787
-0.978,0.37606247217196515
-0.977,0.37643872273806595
-0.976,0.37681534974292086
-0.975,0.37719235356315695
-0.974,0.37756973457577797
-0.973,0.37794749315816506
-0.972,0.3783256296880768
-0.971,0.37870414454364976
-0.97,0.37908303810339883
-0.969,0.37946231074621756
-0.968,0.3798419628513787
-0.967,0.38022199479853436
-0.966,0.38060240696771647
-0.965,0.38098319973933725
-0.964,0.38136437349418956
-0.963,0.3817459286134471
-0.962,0.38212786547866506
-0.961,0.38251018447178037
-0.96,0.38289288597511206
-0.959,0.3832759703713616
-0.958,0.3836594380436134
-0.957,0.3840432893753353
-0.956,0.38442752475037856
-0.955,0.3848121445529786
-0.954,0.3851971491677552
-0.953,0.3855825389797131
-0.952,0.38596831437424217
-0.951,0.38635447573711773
-0.95,0.38674102345450123
-0.949,0.3871279579129404
-0.948,0.38751527949936976
-0.947,0.3879029886011109
-0.946,0.388291085605873
-0.945,0.38867957090175304
-0.944,0.38906844487723635
-0.943,0.389457707921197
-0.942,0.38984736042289797
-0.941,0.3902374027719919
-0.94,0.39062783535852114
-0.939,0.39101865857291823
-0.938,0.39140987280600653
-0.9369999999999999,0.3918014784490002
-0.9359999999999999,0.392193475893505
-0.9349999999999999,0.3925858655315184
-0.9339999999999999,0.39297864775543
-0.9329999999999999,0.39337182295802214
-0.9319999999999999,0.39376539153247003
-0.9309999999999999,0.39415935387234224
-0.9299999999999999,0.39455371037160114
-0.9289999999999999,0.3949484614246033
-0.9279999999999999,0.39534360742609986
-0.9269999999999999,0.3957391487712367
-0.9259999999999999,0.3961350858555554
-0.9249999999999999,0.3965314190749929
-0.9239999999999999,0.3969281488258825
-0.9229999999999999,0.39732527550495406
-0.9219999999999999,0.3977227995093342
-0.9209999999999999,0.398120721236547
-0.9199999999999999,0.3985190410845142
-0.9189999999999999,0.3989177594515557
-0.9179999999999999,0.3993168767363899
-0.9169999999999999,0.39971639333813413
-0.9159999999999999,0.40011630965630496
-0.9149999999999999,0.40051662609081884
-0.9139999999999999,0.40091734304199217
-0.9129999999999999,0.40131846091054196
-0.9119999999999999,0.4017199800975861
-0.9109999999999999,0.4021219010046438
-0.9099999999999999,0.402524224033636
-0.9089999999999999,0.4029269495868858
-0.9079999999999999,0.4033300780671188
-0.9069999999999999,0.40373360987746343
-0.9059999999999999,0.4041375454214516
-0.9049999999999999,0.40454188510301886
-0.9039999999999999,0.40494662932650494
-0.9029999999999999,0.40535177849665405
-0.9019999999999999,0.4057573330186155
-0.9009999999999999,0.40616329329794376
-0.8999999999999999,0.40656965974059917
-0.8989999999999999,0.40697643275294815
-0.8979999999999999,0.4073836127417639
-0.8969999999999999,0.40779120011422626
-0.8959999999999999,0.4081991952779227
-0.8949999999999999,0.4086075986408485
-0.8939999999999999,0.409016410611407
-0.8929999999999999,0.4094256315984101
-0.8919999999999999,0.409835262011079
-0.8909999999999999,0.41024530225904404
-0.8899999999999999,0.4106557527523455
-0.8889999999999999,0.411066613901434
-0.8879999999999999,0.4114778861171706
-0.8869999999999999,0.41188956981082764
-0.8859999999999999,0.4123016653940888
-0.8849999999999999,0.4127141732790497
-0.8839999999999999,0.4131270938782183
-0.8829999999999999,0.4135404276045152
-0.8819999999999999,0.4139541748712741
-0.8809999999999999,0.41436833609224244
-0.8799999999999999,0.41478291168158143
-0.8789999999999999,0.4151979020538666
-0.8779999999999999,0.41561330762408843
-0.8769999999999999,0.4160291288076526
-0.8759999999999999,0.4164453660203801
-0.8749999999999999,0.41686201967850844
-0.8739999999999999,0.4172790901986912
-0.8729999999999999,0.41769657799799886
-0.8719999999999999,0.4181144834939194
-0.8709999999999999,0.4185328071043582
-0.8699999999999999,0.41895154924763905
-0.8689999999999999,0.419370710342504
-0.8679999999999999,0.4197902908081143
-0.8669999999999999,0.42021029106405033
-0.8659999999999999,0.4206307115303125
-0.8649999999999999,0.4210515526273212
-0.8639999999999999,0.42147281477591764
-0.8629999999999999,0.421894498397364
-0.8619999999999999,0.4223166039133439
-0.8609999999999999,0.4227391317459629
-0.8599999999999999,0.4231620823177489
-0.8589999999999999,0.42358545605165243
-0.8579999999999999,0.42400925337104733
-0.8569999999999999,0.424433474699731
-0.8559999999999999,0.4248581204619246
-0.8549999999999999,0.4252831910822742
-0.8539999999999999,0.42570868698585024
-0.8529999999999999,0.4261346085981488
-0.8519999999999999,0.42656095634509145
-0.8509999999999999,0.426987730653026
-0.8499999999999999,0.4274149319487267
-0.8489999999999999,0.4278425606593951
-0.8479999999999999,0.4282706172126597
-0.8469999999999999,0.42869910203657724
-0.8459999999999999,0.4291280155596326
-0.8449999999999999,0.4295573582107392
-0.8439999999999999,0.42998713041923986
-0.8429999999999999,0.4304173326149067
-0.8419999999999999,0.4308479652279421
-0.8409999999999999,0.4312790286889786
-0.8399999999999999,0.43171052342907973
-0.8389999999999999,0.4321424498797403
-0.8379999999999999,0.4325748084728867
-0.8369999999999999,0.4330075996408777
-0.8359999999999999,0.43344082381650434
-0.8349999999999999,0.43387448143299095
-0.8339999999999999,0.43430857292399516
-0.8329999999999999,0.4347430987236085
-0.8319999999999999,0.4351780592663568
-0.8309999999999998,0.43561345498720055
-0.8299999999999998,0.43604928632153567
-0.8289999999999998,0.43648555370519343
-0.8279999999999998,0.43692225757444125
-0.8269999999999998,0.43735939836598303
-0.8259999999999998,0.4377969765169597
-0.8249999999999998,0.4382349924649493
-0.8239999999999998,0.4386734466479679
-0.8229999999999998,0.4391123395044697
-0.8219999999999998,0.4395516714733476
-0.8209999999999998,0.43999144299393367
-0.8199999999999998,0.44043165450599936
-0.8189999999999998,0.4408723064497562
-0.8179999999999998,0.4413133992658563
-0.8169999999999998,0.4417549333953924
-0.8159999999999998,0.44219690927989874
-0.8149999999999998,0.4426393273613512
-0.8139999999999998,0.44308218808216787
-0.8129999999999998,0.44352549188520957
-0.8119999999999998,0.4439692392137801
-0.8109999999999998,0.4444134305116269
-0.8099999999999998,0.4448580662229412
-0.8089999999999998,0.44530314679235883
-0.8079999999999998,0.4457486726649603
-0.8069999999999998,0.44619464428627165
-0.8059999999999998,0.4466410621022644
-0.8049999999999998,0.44708792655935653
-0.8039999999999998,0.4475352381044124
-0.8029999999999998,0.44798299718474377
-0.8019999999999998,0.4484312042481096
-0.8009999999999998,0.44887985974271705
-0.7999999999999998,0.4493289641172217
-0.7989999999999998,0.44977851782072786
-0.7979999999999998,0.4502285213027893
-0.7969999999999998,0.4506789750134096
-0.7959999999999998,0.45112987940304244
-0.7949999999999998,0.45158123492259233
-0.7939999999999998,0.4520330420234147
-0.7929999999999998,0.45248530115731683
-0.7919999999999998,0.4529380127765578
-0.7909999999999998,0.4533911773338493
-0.7899999999999998,0.4538447952823559
-0.7889999999999998,0.4542988670756956
-0.7879999999999998,0.4547533931679403
-0.7869999999999998,0.45520837401361597
-0.7859999999999998,0.4556638100677036
-0.7849999999999998,0.4561197017856393
-0.7839999999999998,0.45657604962331483
-0.7829999999999998,0.457032854037078
-0.7819999999999998,0.45749011548373325
-0.7809999999999998,0.45794783442054215
-0.7799999999999998,0.4584060113052236
-0.7789999999999998,0.4588646465959546
-0.7779999999999998,0.45932374075137045
-0.7769999999999998,0.4597832942305653
-0.7759999999999998,0.46024330749309267
-0.7749999999999998,0.4607037809989659
-0.7739999999999998,0.46116471520865854
-0.7729999999999998,0.4616261105831048
-0.7719999999999998,0.46208796758370013
-0.7709999999999998,0.4625502866723015
-0.7699999999999998,0.4630130683112282
-0.7689999999999998,0.4634763129632617
-0.7679999999999998,0.4639400210916468
-0.7669999999999998,0.4644041931600917
-0.7659999999999998,0.4648688296327684
-0.7649999999999998,0.46533393097431347
-0.7639999999999998,0.46579949764982836
-0.7629999999999998,0.46626553012487965
-0.7619999999999998,0.46673202886549997
-0.7609999999999998,0.467198994338188
-0.7599999999999998,0.46766642700990935
-0.7589999999999998,0.4681343273480966
-0.7579999999999998,0.46860269582065034
-0.7569999999999998,0.46907153289593884
-0.7559999999999998,0.46954083904279936
-0.7549999999999998,0.47001061473053807
-0.7539999999999998,0.47048086042893067
-0.7529999999999998,0.4709515766082229
-0.7519999999999998,0.471422763739131
-0.7509999999999998,0.47189442229284206
-0.7499999999999998,0.4723665527410148
-0.7489999999999998,0.47283915555577966
-0.7479999999999998,0.4733122312097394
-0.7469999999999998,0.4737857801759699
-0.7459999999999998,0.47425980292801995
-0.7449999999999998,0.4747342999399125
-0.7439999999999998,0.4752092716861446
-0.7429999999999998,0.47568471864168793
-0.7419999999999998,0.47616064128198954
-0.7409999999999998,0.47663704008297214
-0.7399999999999998,0.4771139155210345
-0.7389999999999998,0.4775912680730522
-0.7379999999999998,0.4780690982163777
-0.7369999999999998,0.4785474064288413
-0.7359999999999998,0.47902619318875117
-0.7349999999999998,0.4795054589748942
-0.7339999999999998,0.4799852042665361
-0.7329999999999998,0.48046542954342236
-0.7319999999999998,0.4809461352857781
-0.7309999999999998,0.4814273219743093
-0.7299999999999998,0.48190899009020255
-0.7289999999999998,0.482391140115126
-0.7279999999999998,0.4828737725312299
-0.7269999999999998,0.48335688782114644
-0.7259999999999998,0.4838404864679911
-0.7249999999999998,0.4843245689553626
-0.7239999999999998,0.48480913576734336
-0.7229999999999998,0.48529418738850033
-0.7219999999999998,0.4857797243038851
-0.7209999999999998,0.4862657469990347
-0.7199999999999998,0.4867522559599718
-0.7189999999999998,0.48723925167320536
-0.7179999999999997,0.4877267346257313
-0.7169999999999997,0.4882147053050324
-0.7159999999999997,0.4887031641990796
-0.7149999999999997,0.48919211179633165
-0.7139999999999997,0.4896815485857363
-0.7129999999999997,0.4901714750567303
-0.7119999999999997,0.49066189169924024
-0.7109999999999997,0.49115279900368275
-0.7099999999999997,0.4916441974609652
-0.7089999999999997,0.4921360875624861
-0.7079999999999997,0.4926284698001356
-0.7069999999999997,0.49312134466629587
-0.7059999999999997,0.49361471265384194
-0.7049999999999997,0.4941085742561418
-0.7039999999999997,0.4946029299670571
-0.7029999999999997,0.4950977802809436
-0.7019999999999997,0.49559312569265157
-0.7009999999999997,0.4960889666975266
-0.6999999999999997,0.49658530379140964
-0.6989999999999997,0.49708213747063784
-0.6979999999999997,0.49757946823204496
-0.6969999999999997,0.4980772965729618
-0.6959999999999997,0.49857562299121666
-0.6949999999999997,0.4990744479851361
-0.6939999999999997,0.4995737720535451
-0.6929999999999997,0.5000735956957678
-0.6919999999999997,0.5005739194116279
-0.6909999999999997,0.501074743701449
-0.6899999999999997,0.5015760690660557
-0.6889999999999997,0.5020778960067732
-0.6879999999999997,0.5025802250254285
-0.6869999999999997,0.5030830566243508
-0.6859999999999997,0.5035863913063716
-0.6849999999999997,0.5040902295748256
-0.6839999999999997,0.5045945719335513
-0.6829999999999997,0.5050994188868909
-0.6819999999999997,0.5056047709396916
-0.6809999999999997,0.5061106285973053
-0.6799999999999997,0.5066169923655898
-0.6789999999999997,0.5071238627509088
-0.6779999999999997,0.5076312402601328
-0.6769999999999997,0.5081391254006395
-0.6759999999999997,0.5086475186803139
-0.6749999999999997,0.5091564206075493
-0.6739999999999997,0.5096658316912478
-0.6729999999999997,0.5101757524408205
-0.6719999999999997,0.510686183366188
-0.6709999999999997,0.5111971249777816
-0.6699999999999997,0.5117085777865427
-0.6689999999999997,0.5122205423039241
-0.6679999999999997,0.5127330190418906
-0.6669999999999997,0.5132460085129189
-0.6659999999999997,0.5137595112299985
-0.6649999999999997,0.5142735277066321
-0.6639999999999997,0.5147880584568363
-0.6629999999999997,0.5153031039951418
-0.6619999999999997,0.5158186648365943
-0.6609999999999997,0.5163347414967546
-0.6599999999999997,0.5168513344916994
-0.6589999999999997,0.5173684443380218
-0.6579999999999997,0.5178860715528316
-0.6569999999999997,0.5184042166537561
-0.6559999999999997,0.5189228801589405
-0.6549999999999997,0.5194420625870483
-0.6539999999999997,0.5199617644572619
-0.6529999999999997,0.5204819862892834
-0.6519999999999997,0.5210027286033345
-0.6509999999999997,0.5215239919201576
-0.6499999999999997,0.5220457767610162
-0.6489999999999997,0.522568083647695
-0.6479999999999997,0.523090913102501
-0.6469999999999997,0.5236142656482636
-0.6459999999999997,0.5241381418083356
-0.6449999999999997,0.524662542106593
-0.6439999999999997,0.5251874670674364
-0.6429999999999997,0.5257129172157904
-0.6419999999999997,0.5262388930771056
-0.6409999999999997,0.5267653951773575
-0.6399999999999997,0.5272924240430488
-0.6389999999999997,0.5278199802012078
-0.6379999999999997,0.5283480641793912
-0.6369999999999997,0.5288766765056827
-0.6359999999999997,0.5294058177086948
-0.6349999999999997,0.5299354883175686
-0.6339999999999997,0.5304656888619751
-0.6329999999999997,0.5309964198721145
-0.6319999999999997,0.5315276818787181
-0.6309999999999997,0.5320594754130479
-0.6299999999999997,0.5325918010068974
-0.6289999999999997,0.5331246591925922
-0.6279999999999997,0.5336580505029908
-0.6269999999999997,0.5341919754714842
-0.6259999999999997,0.5347264346319978
-0.6249999999999997,0.5352614285189904
-0.6239999999999997,0.5357969576674562
-0.6229999999999997,0.5363330226129244
-0.6219999999999997,0.5368696238914598
-0.6209999999999997,0.5374067620396638
-0.6199999999999997,0.5379444375946747
-0.6189999999999997,0.5384826510941679
-0.6179999999999997,0.5390214030763573
-0.6169999999999997,0.5395606940799945
-0.6159999999999997,0.5401005246443707
-0.6149999999999997,0.5406408953093168
-0.6139999999999997,0.5411818066152031
-0.6129999999999997,0.5417232591029411
-0.6119999999999997,0.5422652533139833
-0.6109999999999997,0.5428077897903242
-0.6099999999999997,0.5433508690744999
-0.6089999999999997,0.5438944917095901
-0.6079999999999997,0.5444386582392173
-0.6069999999999997,0.5449833692075481
-0.6059999999999997,0.5455286251592936
-0.6049999999999996,0.5460744266397096
-0.6039999999999996,0.5466207741945978
-0.6029999999999996,0.5471676683703057
-0.6019999999999996,0.5477151097137276
-0.6009999999999996,0.548263098772305
-0.5999999999999996,0.5488116360940266
-0.5989999999999996,0.5493607222274302
-0.5979999999999996,0.5499103577216018
-0.5969999999999996,0.5504605431261769
-0.5959999999999996,0.551011278991341
-0.5949999999999996,0.5515625658678299
-0.5939999999999996,0.5521144043069308
-0.5929999999999996,0.552666794860482
-0.5919999999999996,0.5532197380808741
-0.5909999999999996,0.5537732345210503
-0.5899999999999996,0.5543272847345072
-0.5889999999999996,0.5548818892752951
-0.5879999999999996,0.5554370486980185
-0.5869999999999996,0.5559927635578368
-0.5859999999999996,0.5565490344104651
-0.5849999999999996,0.5571058618121741
-0.5839999999999996,0.5576632463197914
-0.5829999999999996,0.5582211884907015
-0.5819999999999996,0.5587796888828466
-0.5809999999999996,0.559338748054727
-0.5799999999999996,0.5598983665654023
-0.5789999999999996,0.5604585449744907
-0.5779999999999996,0.5610192838421707
-0.5769999999999996,0.5615805837291814
-0.5759999999999996,0.5621424451968227
-0.5749999999999996,0.5627048688069559
-0.5739999999999996,0.5632678551220048
-0.5729999999999996,0.5638314047049559
-0.5719999999999996,0.5643955181193586
-0.5709999999999996,0.5649601959293264
-0.5699999999999996,0.5655254386995373
-0.5689999999999996,0.566091246995234
-0.5679999999999996,0.5666576213822249
-0.5669999999999996,0.5672245624268843
-0.5659999999999996,0.5677920706961536
-0.5649999999999996,0.5683601467575407
-0.5639999999999996,0.568928791179122
-0.5629999999999996,0.5694980045295419
-0.5619999999999996,0.5700677873780138
-0.5609999999999996,0.5706381402943205
-0.5599999999999996,0.5712090638488151
-0.5589999999999996,0.5717805586124212
-0.5579999999999996,0.5723526251566334
-0.5569999999999996,0.5729252640535186
-0.5559999999999996,0.5734984758757156
-0.5549999999999996,0.5740722611964363
-0.5539999999999996,0.5746466205894659
-0.5529999999999996,0.575221554629164
-0.5519999999999996,0.5757970638904648
-0.5509999999999996,0.5763731489488774
-0.5499999999999996,0.5769498103804869
-0.5489999999999996,0.5775270487619549
-0.5479999999999996,0.5781048646705199
-0.5469999999999996,0.5786832586839976
-0.5459999999999996,0.5792622313807823
-0.5449999999999996,0.5798417833398466
-0.5439999999999996,0.5804219151407426
-0.5429999999999996,0.5810026273636021
-0.5419999999999996,0.5815839205891373
-0.5409999999999996,0.5821657953986417
-0.5399999999999996,0.5827482523739899
-0.5389999999999996,0.5833312920976391
-0.5379999999999996,0.5839149151526289
-0.5369999999999996,0.5844991221225827
-0.5359999999999996,0.5850839135917072
-0.5349999999999996,0.5856692901447941
-0.5339999999999996,0.5862552523672199
-0.5329999999999996,0.5868418008449469
-0.5319999999999996,0.5874289361645237
-0.5309999999999996,0.5880166589130856
-0.5299999999999996,0.5886049696783554
-0.5289999999999996,0.589193869048644
-0.5279999999999996,0.5897833576128507
-0.5269999999999996,0.5903734359604642
-0.5259999999999996,0.5909641046815628
-0.5249999999999996,0.5915553643668153
-0.5239999999999996,0.5921472156074815
-0.5229999999999996,0.5927396589954127
-0.5219999999999996,0.5933326951230523
-0.5209999999999996,0.5939263245834364
-0.5199999999999996,0.5945205479701946
-0.5189999999999996,0.5951153658775503
-0.5179999999999996,0.5957107789003215
-0.5169999999999996,0.5963067876339212
-0.5159999999999996,0.5969033926743583
-0.5149999999999996,0.5975005946182378
-0.5139999999999996,0.5980983940627617
-0.5129999999999996,0.5986967916057294
-0.5119999999999996,0.5992957878455387
-0.5109999999999996,0.5998953833811858
-0.5099999999999996,0.6004955788122662
-0.5089999999999996,0.6010963747389755
-0.5079999999999996,0.6016977717621096
-0.5069999999999996,0.6022997704830656
-0.5059999999999996,0.6029023715038424
-0.5049999999999996,0.6035055754270408
-0.5039999999999996,0.604109382855865
-0.5029999999999996,0.6047137943941223
-0.5019999999999996,0.6053188106462245
-0.5009999999999996,0.6059244322171877
-0.49999999999999956,0.6065306597126336
-0.49899999999999956,0.6071374937387899
-0.49799999999999955,0.6077449349024905
-0.49699999999999955,0.6083529838111765
-0.49599999999999955,0.6089616410728972
-0.49499999999999955,0.6095709072963096
-0.49399999999999955,0.61018078309068
-0.49299999999999955,0.6107912690658845
-0.49199999999999955,0.6114023658324089
-0.49099999999999955,0.6120140740013501
-0.48999999999999955,0.6126263941844163
-0.48899999999999955,0.6132393269939278
-0.48799999999999955,0.6138528730428173
-0.48699999999999954,0.614467032944631
-0.48599999999999954,0.6150818073135289
-0.48499999999999954,0.6156971967642854
-0.48399999999999954,0.6163132019122899
-0.48299999999999954,0.6169298233735477
-0.48199999999999954,0.6175470617646803
-0.48099999999999954,0.6181649177029261
-0.47999999999999954,0.6187833918061412
-0.47899999999999954,0.6194024846927996
-0.47799999999999954,0.6200221969819942
-0.47699999999999954,0.6206425292934376
-0.47599999999999953,0.621263482247462
-0.47499999999999953,0.6218850564650203
-0.47399999999999953,0.622507252567687
-0.47299999999999953,0.6231300711776582
-0.47199999999999953,0.6237535129177524
-0.47099999999999953,0.6243775784114115
-0.46999999999999953,0.6250022682827011
-0.46899999999999953,0.6256275831563111
-0.4679999999999995,0.6262535236575563
-0.4669999999999995,0.6268800904123774
-0.4659999999999995,0.627507284047341
-0.4649999999999995,0.6281351051896411
-0.4639999999999995,0.6287635544670988
-0.4629999999999995,0.6293926325081631
-0.4619999999999995,0.6300223399419126
-0.4609999999999995,0.6306526773980544
-0.4599999999999995,0.6312836455069263
-0.4589999999999995,0.6319152448994962
-0.4579999999999995,0.6325474762073637
-0.4569999999999995,0.6331803400627601
-0.4559999999999995,0.6338138370985493
-0.4549999999999995,0.6344479679482284
-0.4539999999999995,0.6350827332459285
-0.4529999999999995,0.6357181336264146
-0.4519999999999995,0.6363541697250873
-0.4509999999999995,0.6369908421779829
-0.4499999999999995,0.6376281516217736
-0.4489999999999995,0.6382660986937692
-0.4479999999999995,0.6389046840319165
-0.4469999999999995,0.6395439082748012
-0.4459999999999995,0.6401837720616474
-0.4449999999999995,0.6408242760323191
-0.4439999999999995,0.6414654208273202
-0.4429999999999995,0.6421072070877956
-0.4419999999999995,0.6427496354555315
-0.4409999999999995,0.6433927065729566
-0.4399999999999995,0.6440364210831416
-0.4389999999999995,0.6446807796298016
-0.4379999999999995,0.6453257828572949
-0.4369999999999995,0.6459714314106249
-0.4359999999999995,0.64661772593544
-0.4349999999999995,0.647264667078035
-0.4339999999999995,0.6479122554853509
-0.4329999999999995,0.6485604918049764
-0.4319999999999995,0.6492093766851478
-0.4309999999999995,0.6498589107747499
-0.4299999999999995,0.6505090947233169
-0.4289999999999995,0.6511599291810328
-0.4279999999999995,0.6518114147987323
-0.4269999999999995,0.6524635522279008
-0.4259999999999995,0.6531163421206759
-0.4249999999999995,0.6537697851298476
-0.4239999999999995,0.6544238819088589
-0.4229999999999995,0.6550786331118066
-0.4219999999999995,0.6557340393934421
-0.4209999999999995,0.6563901014091715
-0.4199999999999995,0.6570468198150571
-0.4189999999999995,0.6577041952678173
-0.4179999999999995,0.6583622284248275
-0.4169999999999995,0.659020919944121
-0.4159999999999995,0.6596802704843894
-0.4149999999999995,0.6603402807049832
-0.4139999999999995,0.6610009512659129
-0.4129999999999995,0.6616622828278487
-0.4119999999999995,0.6623242760521226
-0.4109999999999995,0.6629869316007277
-0.4099999999999995,0.6636502501363197
-0.4089999999999995,0.6643142323222171
-0.4079999999999995,0.6649788788224023
-0.4069999999999995,0.6656441903015216
-0.4059999999999995,0.6663101674248867
-0.40499999999999947,0.6669768108584747
-0.40399999999999947,0.6676441212689292
-0.40299999999999947,0.6683120993235606
-0.40199999999999947,0.668980745690347
-0.40099999999999947,0.669650061037935
-0.39999999999999947,0.6703200460356397
-0.39899999999999947,0.6709907013534463
-0.39799999999999947,0.6716620276620101
-0.39699999999999946,0.6723340256326577
-0.39599999999999946,0.6730066959373868
-0.39499999999999946,0.673680039248868
-0.39399999999999946,0.6743540562404445
-0.39299999999999946,0.6750287475861336
-0.39199999999999946,0.6757041139606265
-0.39099999999999946,0.6763801560392896
-0.38999999999999946,0.6770568744981651
-0.38899999999999946,0.6777342700139715
-0.38799999999999946,0.6784123432641045
-0.38699999999999946,0.6790910949266372
-0.38599999999999945,0.6797705256803215
-0.38499999999999945,0.680450636204588
-0.38399999999999945,0.6811314271795474
-0.38299999999999945,0.681812899285991
-0.38199999999999945,0.6824950532053905
-0.38099999999999945,0.6831778896199001
-0.37999999999999945,0.6838614092123563
-0.37899999999999945,0.6845456126662786
-0.37799999999999945,0.6852305006658707
-0.37699999999999945,0.6859160738960205
-0.37599999999999945,0.6866023330423014
-0.37499999999999944,0.6872892787909726
-0.37399999999999944,0.6879769118289798
-0.37299999999999944,0.6886652328439562
-0.37199999999999944,0.6893542425242228
-0.37099999999999944,0.6900439415587893
-0.36999999999999944,0.690734330637355
-0.36899999999999944,0.6914254104503089
-0.36799999999999944,0.6921171816887308
-0.36699999999999944,0.6928096450443921
-0.36599999999999944,0.6935028012097562
-0.36499999999999944,0.6941966508779792
-0.36399999999999944,0.6948911947429111
-0.36299999999999943,0.6955864334990954
-0.36199999999999943,0.6962823678417713
-0.36099999999999943,0.6969789984668732
-0.35999999999999943,0.6976763260710315
-0.35899999999999943,0.698374351351574
-0.35799999999999943,0.699073075006526
-0.35699999999999943,0.6997724977346114
-0.35599999999999943,0.7004726202352528
-0.3549999999999994,0.7011734432085728
-0.3539999999999994,0.7018749673553945
-0.3529999999999994,0.7025771933772419
-0.3519999999999994,0.7032801219763414
-0.3509999999999994,0.7039837538556213
-0.3499999999999994,0.7046880897187139
-0.3489999999999994,0.7053931302699548
-0.3479999999999994,0.7060988762143848
-0.3469999999999994,0.7068053282577499
-0.3459999999999994,0.707512487106502
-0.3449999999999994,0.7082203534678004
-0.3439999999999994,0.7089289280495111
-0.3429999999999994,0.709638211560209
-0.3419999999999994,0.7103482047091777
-0.3409999999999994,0.7110589082064102
-0.3399999999999994,0.7117703227626101
-0.3389999999999994,0.7124824490891922
-0.3379999999999994,0.7131952878982827
-0.3369999999999994,0.7139088399027205
-0.3359999999999994,0.7146231058160577
-0.3349999999999994,0.7153380863525604
-0.3339999999999994,0.716053782227209
-0.3329999999999994,0.7167701941556994
-0.3319999999999994,0.7174873228544437
-0.3309999999999994,0.7182051690405707
-0.3299999999999994,0.7189237334319266
-0.3289999999999994,0.7196430167470759
-0.3279999999999994,0.7203630197053018
-0.3269999999999994,0.7210837430266075
-0.3259999999999994,0.7218051874317163
-0.3249999999999994,0.7225273536420727
-0.3239999999999994,0.7232502423798428
-0.3229999999999994,0.7239738543679157
-0.3219999999999994,0.7246981903299033
-0.3209999999999994,0.7254232509901416
-0.3199999999999994,0.7261490370736914
-0.3189999999999994,0.7268755493063387
-0.3179999999999994,0.7276027884145959
-0.3169999999999994,0.7283307551257021
-0.3159999999999994,0.7290594501676242
-0.3149999999999994,0.7297888742690573
-0.3139999999999994,0.7305190281594254
-0.3129999999999994,0.7312499125688825
-0.3119999999999994,0.7319815282283131
-0.3109999999999994,0.7327138758693329
-0.3099999999999994,0.7334469562242897
-0.3089999999999994,0.7341807700262638
-0.3079999999999994,0.7349153180090692
-0.3069999999999994,0.7356506009072538
-0.3059999999999994,0.7363866194561005
-0.3049999999999994,0.7371233743916282
-0.3039999999999994,0.7378608664505917
-0.3029999999999994,0.738599096370483
-0.3019999999999994,0.7393380648895324
-0.3009999999999994,0.740077772746708
-0.2999999999999994,0.7408182206817183
-0.2989999999999994,0.741559409435011
-0.2979999999999994,0.7423013397477748
-0.2969999999999994,0.7430440123619403
-0.2959999999999994,0.74378742802018
-0.2949999999999994,0.7445315874659099
-0.2939999999999994,0.7452764914432891
-0.29299999999999937,0.746022140697222
-0.29199999999999937,0.7467685359733576
-0.29099999999999937,0.7475156780180915
-0.28999999999999937,0.7482635675785657
-0.28899999999999937,0.7490122054026698
-0.28799999999999937,0.7497615922390418
-0.28699999999999937,0.7505117288370684
-0.28599999999999937,0.7512626159468865
-0.28499999999999936,0.7520142543193831
-0.28399999999999936,0.7527666447061967
-0.28299999999999936,0.7535197878597177
-0.28199999999999936,0.7542736845330894
-0.28099999999999936,0.7550283354802085
-0.27999999999999936,0.7557837414557259
-0.27899999999999936,0.7565399032150478
-0.27799999999999936,0.7572968215143361
-0.27699999999999936,0.7580544971105089
-0.27599999999999936,0.7588129307612419
-0.27499999999999936,0.7595721232249689
-0.27399999999999936,0.7603320752608825
-0.27299999999999935,0.7610927876289347
-0.27199999999999935,0.761854261089838
-0.27099999999999935,0.7626164964050659
-0.26999999999999935,0.7633794943368537
-0.26899999999999935,0.7641432556481994
-0.26799999999999935,0.7649077811028645
-0.26699999999999935,0.7656730714653744
-0.26599999999999935,0.7664391275010196
-0.26499999999999935,0.7672059499758562
-0.26399999999999935,0.7679735396567067
-0.26299999999999935,0.7687418973111608
-0.26199999999999934,0.7695110237075763
-0.26099999999999934,0.7702809196150796
-0.25999999999999934,0.7710515858035668
-0.25899999999999934,0.771823023043704
-0.25799999999999934,0.7725952321069286
-0.25699999999999934,0.7733682137654496
-0.25599999999999934,0.7741419687922488
-0.25499999999999934,0.7749164979610814
-0.25399999999999934,0.7756918020464766
-0.25299999999999934,0.7764678818237384
-0.25199999999999934,0.7772447380689467
-0.25099999999999933,0.7780223715589578
-0.24999999999999933,0.7788007830714054
-0.24899999999999933,0.7795799733847009
-0.24799999999999933,0.7803599432780348
-0.24699999999999933,0.7811406935313769
-0.24599999999999933,0.7819222249254778
-0.24499999999999933,0.7827045382418687
-0.24399999999999933,0.783487634262863
-0.24299999999999933,0.784271513771557
-0.24199999999999933,0.78505617755183
-0.24099999999999933,0.7858416263883461
-0.23999999999999932,0.7866278610665539
-0.23899999999999932,0.7874148823726884
-0.23799999999999932,0.788202691093771
-0.23699999999999932,0.7889912880176102
-0.23599999999999932,0.7897806739328033
-0.23499999999999932,0.7905708496287361
-0.23399999999999932,0.7913618158955844
-0.23299999999999932,0.7921535735243146
-0.23199999999999932,0.7929461233066842
-0.23099999999999932,0.7937394660352433
-0.22999999999999932,0.7945336025033346
-0.22899999999999932,0.7953285335050945
-0.22799999999999931,0.7961242598354543
-0.2269999999999993,0.7969207822901402
-0.2259999999999993,0.7977181016656748
-0.2249999999999993,0.7985162187593776
-0.2239999999999993,0.7993151343693656
-0.2229999999999993,0.8001148492945547
-0.2219999999999993,0.8009153643346597
-0.2209999999999993,0.8017166802901958
-0.2199999999999993,0.802518797962479
-0.2189999999999993,0.8033217181536271
-0.2179999999999993,0.8041254416665602
-0.2169999999999993,0.804929969305002
-0.2159999999999993,0.8057353018734802
-0.2149999999999993,0.8065414401773274
-0.2139999999999993,0.807348385022682
-0.2129999999999993,0.8081561372164889
-0.2119999999999993,0.8089646975665004
-0.2109999999999993,0.8097740668812768
-0.2099999999999993,0.8105842459701876
-0.2089999999999993,0.811395235643412
-0.2079999999999993,0.8122070367119396
-0.2069999999999993,0.8130196499875716
-0.2059999999999993,0.8138330762829213
-0.2049999999999993,0.8146473164114151
-0.2039999999999993,0.8154623711872933
-0.2029999999999993,0.8162782414256106
-0.2019999999999993,0.8170949279422373
-0.2009999999999993,0.81791243155386
-0.1999999999999993,0.8187307530779825
-0.1989999999999993,0.8195498933329262
-0.1979999999999993,0.8203698531378316
-0.1969999999999993,0.8211906333126585
-0.19599999999999929,0.8220122346781872
-0.19499999999999929,0.822834658056019
-0.19399999999999928,0.8236579042685774
-0.19299999999999928,0.8244819741391087
-0.19199999999999928,0.825306868491683
-0.19099999999999928,0.8261325881511945
-0.18999999999999928,0.826959133943363
-0.18899999999999928,0.8277865066947342
-0.18799999999999928,0.8286147072326813
-0.18699999999999928,0.8294437363854045
-0.18599999999999928,0.8302735949819333
-0.18499999999999928,0.8311042838521263
-0.18399999999999928,0.8319358038266723
-0.18299999999999927,0.8327681557370915
-0.18199999999999927,0.833601340415736
-0.18099999999999927,0.8344353586957901
-0.17999999999999927,0.8352702114112727
-0.17899999999999927,0.8361058993970362
-0.17799999999999927,0.8369424234887687
-0.17699999999999927,0.8377797845229945
-0.17599999999999927,0.8386179833370746
-0.17499999999999927,0.839457020769208
-0.17399999999999927,0.8402968976584321
-0.17299999999999927,0.8411376148446238
-0.17199999999999926,0.8419791731685006
-0.17099999999999926,0.8428215734716206
-0.16999999999999926,0.8436648165963843
-0.16899999999999926,0.8445089033860349
-0.16799999999999926,0.8453538346846594
-0.16699999999999926,0.8461996113371889
-0.16599999999999926,0.8470462341894003
-0.16499999999999926,0.8478937040879164
-0.16399999999999926,0.8487420218802074
-0.16299999999999926,0.8495911884145909
-0.16199999999999926,0.8504412045402336
-0.16099999999999925,0.8512920711071518
-0.15999999999999925,0.852143788966212
-0.15899999999999925,0.8529963589691322
-0.15799999999999925,0.8538497819684824
-0.15699999999999925,0.8547040588176857
-0.15599999999999925,0.8555591903710191
-0.15499999999999925,0.8564151774836142
-0.15399999999999925,0.857272021011458
-0.15299999999999925,0.8581297218113945
-0.15199999999999925,0.8589882807411241
-0.15099999999999925,0.8598476986592062
-0.14999999999999925,0.8607079764250585
-0.14899999999999924,0.8615691148989589
-0.14799999999999924,0.862431114942046
-0.14699999999999924,0.8632939774163201
-0.14599999999999924,0.8641577031846435
-0.14499999999999924,0.865022293110742
-0.14399999999999924,0.8658877480592057
-0.14299999999999924,0.8667540688954897
-0.14199999999999924,0.8676212564859147
-0.14099999999999924,0.8684893116976685
-0.13999999999999924,0.8693582353988065
-0.13899999999999924,0.8702280284582523
-0.13799999999999923,0.871098691745799
-0.13699999999999923,0.8719702261321101
-0.13599999999999923,0.87284263248872
-0.13499999999999923,0.8737159116880351
-0.13399999999999923,0.8745900646033347
-0.13299999999999923,0.8754650921087718
-0.13199999999999923,0.876340995079374
-0.13099999999999923,0.8772177743910442
-0.12999999999999923,0.878095430920562
-0.12899999999999923,0.8789739655455838
-0.12799999999999923,0.8798533791446445
-0.12699999999999922,0.8807336725971576
-0.12599999999999922,0.8816148467834167
-0.12499999999999922,0.8824969025845961
-0.12399999999999922,0.8833798408827516
-0.12299999999999922,0.8842636625608216
-0.12199999999999922,0.8851483685026278
-0.12099999999999922,0.8860339595928762
-0.11999999999999922,0.8869204367171583
-0.11899999999999922,0.8878078007619508
-0.11799999999999922,0.888696052614618
-0.11699999999999922,0.889585193163412
-0.11599999999999921,0.8904752232974733
-0.11499999999999921,0.8913661439068321
-0.11399999999999921,0.8922579558824091
-0.11299999999999921,0.8931506601160162
-0.11199999999999921,0.894044257500358
-0.11099999999999921,0.8949387489290317
-0.10999999999999921,0.895834135296529
-0.10899999999999921,0.8967304174982361
-0.10799999999999921,0.8976275964304355
-0.1069999999999992,0.8985256729903063
-0.1059999999999992,0.8994246480759248
-0.1049999999999992,0.9003245225862663
-0.1039999999999992,0.9012252974212055
-0.1029999999999992,0.9021269734815172
-0.1019999999999992,0.9030295516688776
-0.1009999999999992,0.9039330328858648
-0.0999999999999992,0.9048374180359603
-0.0989999999999992,0.9057427080235492
-0.0979999999999992,0.9066489037539216
-0.0969999999999992,0.9075560061332734
-0.0959999999999992,0.9084640160687069
-0.0949999999999992,0.9093729344682322
-0.0939999999999992,0.9102827622407677
-0.0929999999999992,0.9111935002961413
-0.0919999999999992,0.9121051495450911
-0.09099999999999919,0.9130177108992665
-0.08999999999999919,0.913931185271229
-0.08899999999999919,0.9148455735744527
-0.08799999999999919,0.9157608767233264
-0.08699999999999919,0.916677095633153
-0.08599999999999919,0.9175942312201517
-0.08499999999999919,0.9185122844014582
-0.08399999999999919,0.9194312560951254
-0.08299999999999919,0.9203511472201255
-0.08199999999999918,0.9212719586963494
-0.08099999999999918,0.9221936914446088
-0.07999999999999918,0.9231163463866365
-0.07899999999999918,0.9240399244450875
-0.07799999999999918,0.92496442654354
-0.07699999999999918,0.9258898536064961
-0.07599999999999918,0.926816206559383
-0.07499999999999918,0.9277434863285536
-0.07399999999999918,0.928671693841288
-0.07299999999999918,0.9296008300257935
-0.07199999999999918,0.9305308958112065
-0.07099999999999917,0.9314618921275929
-0.06999999999999917,0.932393819905949
-0.06899999999999917,0.9333266800782027
-0.06799999999999917,0.9342604735772143
-0.06699999999999917,0.9351952013367774
-0.06599999999999917,0.9361308642916196
-0.06499999999999917,0.9370674633774042
-0.06399999999999917,0.9380049995307302
-0.06299999999999917,0.938943473689134
-0.06199999999999917,0.9398828867910897
-0.060999999999999166,0.9408232397760106
-0.059999999999999165,0.9417645335842495
-0.058999999999999164,0.9427067691571005
-0.05799999999999916,0.9436499474367993
-0.05699999999999916,0.9445940693665241
-0.05599999999999916,0.9455391358903971
-0.05499999999999916,0.9464851479534847
-0.05399999999999916,0.9474321065017991
-0.05299999999999916,0.948380012482299
-0.05199999999999916,0.9493288668428904
-0.05099999999999916,0.9502786705324278
-0.049999999999999156,0.9512294245007148
-0.048999999999999155,0.9521811296985057
-0.047999999999999154,0.9531337870775055
-0.046999999999999154,0.954087397590372
-0.04599999999999915,0.9550419621907155
-0.04499999999999915,0.9559974818331007
-0.04399999999999915,0.9569539574730475
-0.04299999999999915,0.9579113900670315
-0.04199999999999915,0.9588697805724854
-0.04099999999999915,0.9598291299477998
-0.03999999999999915,0.9607894391523241
-0.038999999999999146,0.9617507091463675
-0.037999999999999146,0.9627129408912003
-0.036999999999999145,0.9636761353490543
-0.035999999999999144,0.9646402934831239
-0.03499999999999914,0.9656054162575674
-0.03399999999999914,0.9665715046375075
-0.03299999999999914,0.9675385595890328
-0.03199999999999914,0.9685065820791984
-0.03099999999999914,0.9694755730760268
-0.02999999999999914,0.970445533548509
-0.028999999999999138,0.9714164644666057
-0.027999999999999137,0.9723883668012477
-0.026999999999999136,0.9733612415243377
-0.025999999999999135,0.9743350896087501
-0.024999999999999134,0.9753099120283335
-0.023999999999999133,0.9762857097579102
-0.022999999999999132,0.977262483773278
-0.02199999999999913,0.9782402350512109
-0.02099999999999913,0.9792189645694604
-0.01999999999999913,0.9801986733067561
-0.01899999999999913,0.9811793622428069
-0.017999999999999128,0.9821610323583015
-0.016999999999999127,0.9831436846349105
-0.015999999999999126,0.984127320055286
-0.014999999999999125,0.9851119396030635
-0.013999999999999124,0.9860975442628628
-0.012999999999999123,0.9870841350202885
-0.011999999999999122,0.9880717128619314
-0.010999999999999122,0.9890602787753696
-0.00999999999999912,0.9900498337491689
-0.00899999999999912,0.9910403787728845
-0.007999999999999119,0.9920319148370615
-0.006999999999999118,0.993024442933236
-0.005999999999999117,0.9940179640539362
-0.004999999999999116,0.9950124791926832
-0.003999999999999115,0.9960079893439924
-0.0029999999999991145,0.9970044955033739
-0.0019999999999991136,0.998001998667334
-0.0009999999999991127,0.9990004998333759
8.881784197001252e-16,1.0000000000000009
0.001000000000000889,1.0010005001667093
0.00200000000000089,1.0020020013340012
0.003000000000000891,1.003004504503378
0.004000000000000892,1.0040080106773428
0.005000000000000893,1.005012520859402
0.0060000000000008935,1.0060180360540658
0.007000000000000894,1.0070245572668495
0.008000000000000895,1.0080320855042744
0.009000000000000896,1.0090406217738688
0.010000000000000897,1.010050167084169
0.011000000000000898,1.0110607224447206
0.012000000000000899,1.0120722888660787
0.0130000000000009,1.01308486735981
0.0140000000000009,1.0140984589384932
0.015000000000000902,1.0151130646157198
0.016000000000000902,1.0161286854060958
0.017000000000000903,1.0171453223252416
0.018000000000000904,1.0181629763897946
0.019000000000000905,1.019181648617409
0.020000000000000906,1.0202013400267567
0.021000000000000907,1.0212220516375297
0.022000000000000908,1.022243784470439
0.02300000000000091,1.0232665395472185
0.02400000000000091,1.0242903178906224
0.02500000000000091,1.0253151205244297
0.02600000000000091,1.0263409484734431
0.027000000000000912,1.0273678027634903
0.028000000000000913,1.028395684421426
0.029000000000000914,1.0294245944751317
0.030000000000000915,1.0304545339535178
0.031000000000000916,1.0314855038865236
0.03200000000000092,1.0325175053051194
0.03300000000000092,1.0335505392413065
0.03400000000000092,1.0345846067281188
0.03500000000000092,1.0356197087996242
0.03600000000000092,1.0366558464909246
0.03700000000000092,1.037693020838158
0.03800000000000092,1.0387312328784988
0.03900000000000092,1.039770483650159
0.040000000000000924,1.040810774192389
0.041000000000000925,1.0418521055454806
0.042000000000000925,1.0428944787507641
0.043000000000000926,1.0439378948506135
0.04400000000000093,1.0449823548884447
0.04500000000000093,1.0460278599087178
0.04600000000000093,1.047074410956938
0.04700000000000093,1.0481220090796566
0.04800000000000093,1.0491706553244715
0.04900000000000093,1.0502203507400292
0.05000000000000093,1.051271096376025
0.051000000000000933,1.052322893283205
0.052000000000000934,1.0533757425133659
0.053000000000000935,1.0544296451193569
0.054000000000000936,1.055484602155081
0.05500000000000094,1.0565406146754952
0.05600000000000094,1.0575976837366123
0.05700000000000094,1.058655810395501
0.05800000000000094,1.0597149957102885
0.05900000000000094,1.06077524074016
0.06000000000000094,1.0618365465453605
0.06100000000000094,1.0628989141871963
0.06200000000000094,1.0639623447280346
0.06300000000000094,1.0650268392313065
0.06400000000000095,1.0660923987615063
0.06500000000000095,1.0671590243841937
0.06600000000000095,1.0682267171659943
0.06700000000000095,1.0692954781746011
0.06800000000000095,1.0703653084787754
0.06900000000000095,1.0714362091483471
0.07000000000000095,1.0725081812542174
0.07100000000000095,1.0735812258683584
0.07200000000000095,1.0746553440638147
0.07300000000000095,1.0757305369147045
0.07400000000000095,1.076806805496221
0.07500000000000095,1.0778841508846326
0.07600000000000096,1.078962574157285
0.07700000000000096,1.0800420763926013
0.07800000000000096,1.0811226586700842
0.07900000000000096,1.0822043220703157
0.08000000000000096,1.0832870676749595
0.08100000000000096,1.0843708965667613
0.08200000000000096,1.0854558098295501
0.08300000000000096,1.086541808548239
0.08400000000000096,1.0876288938088272
0.08500000000000096,1.0887170666983998
0.08600000000000096,1.0898063283051298
0.08700000000000097,1.0908966797182789
0.08800000000000097,1.0919881220281986
0.08900000000000097,1.0930806563263313
0.09000000000000097,1.0941742837052115
0.09100000000000097,1.0952690052584664
0.09200000000000097,1.096364822080818
0.09300000000000097,1.097461735268083
0.09400000000000097,1.0985597459171748
0.09500000000000097,1.099658855126104
0.09600000000000097,1.10075906399398
0.09700000000000097,1.1018603736210117
0.09800000000000098,1.1029627851085089
0.09900000000000098,1.104066299558883
0.10000000000000098,1.1051709180756486
0.10100000000000098,1.1062766417634247
0.10200000000000098,1.1073834717279345
0.10300000000000098,1.1084914090760083
0.10400000000000098,1.1096004549155836
0.10500000000000098,1.1107106103557063
0.10600000000000098,1.111821876506532
0.10700000000000098,1.1129342544793266
0.10800000000000098,1.1140477453864688
0.10900000000000098,1.115162350341449
0.11000000000000099,1.1162780704588724
0.11100000000000099,1.1173949068544593
0.11200000000000099,1.1185128606450463
0.11300000000000099,1.119631932948587
0.11400000000000099,1.120752124884154
0.11500000000000099,1.1218734375719395
0.11600000000000099,1.1229958721332558
0.11700000000000099,1.124119429690538
0.11800000000000099,1.1252441113673435
0.119000000000001,1.126369918288354
0.120000000000001,1.1274968515793768
0.121000000000001,1.128624912367345
0.122000000000001,1.1297541017803199
0.123000000000001,1.1308844209474904
0.124000000000001,1.1320158709991763
0.125000000000001,1.1331484530668274
0.126000000000001,1.1342821682830262
0.127000000000001,1.1354170177814875
0.128000000000001,1.1365530026970614
0.129000000000001,1.1376901241657327
0.130000000000001,1.1388283833246229
0.131000000000001,1.1399677813119915
0.132000000000001,1.1411083192672362
0.133000000000001,1.1422499983308954
0.134000000000001,1.1433928196446481
0.135000000000001,1.1445367843513157
0.136000000000001,1.145681893594863
0.137000000000001,1.1468281485203993
0.138000000000001,1.1479755502741797
0.139000000000001,1.1491241000036063
0.140000000000001,1.1502737988572285
0.141000000000001,1.1514246479847454
0.14200000000000101,1.1525766485370061
0.14300000000000102,1.1537298016660116
0.14400000000000102,1.1548841085249149
0.14500000000000102,1.1560395702680228
0.14600000000000102,1.1571961880507975
0.14700000000000102,1.1583539630298565
0.14800000000000102,1.159512896362975
0.14900000000000102,1.1606729892090868
0.15000000000000102,1.1618342427282844
0.15100000000000102,1.1629966580818214
0.15200000000000102,1.1641602364321135
0.15300000000000102,1.1653249789427391
0.15400000000000102,1.1664908867784407
0.15500000000000103,1.1676579611051263
0.15600000000000103,1.1688262030898702
0.15700000000000103,1.1699956139009147
0.15800000000000103,1.1711661947076706
0.15900000000000103,1.172337946680719
0.16000000000000103,1.1735108709918114
0.16100000000000103,1.1746849688138727
0.16200000000000103,1.1758602413210009
0.16300000000000103,1.1770366896884683
0.16400000000000103,1.1782143150927233
0.16500000000000103,1.1793931187113917
0.16600000000000104,1.1805731017232772
0.16700000000000104,1.1817542653083628
0.16800000000000104,1.182936610647812
0.16900000000000104,1.1841201389239706
0.17000000000000104,1.1853048513203668
0.17100000000000104,1.186490749021713
0.17200000000000104,1.187677833213907
0.17300000000000104,1.1888661050840335
0.17400000000000104,1.190055565820364
0.17500000000000104,1.1912462166123594
0.17600000000000104,1.1924380586506707
0.17700000000000105,1.19363109312714
0.17800000000000105,1.1948253212348021
0.17900000000000105,1.1960207441678847
0.18000000000000105,1.1972173631218115
0.18100000000000105,1.198415179293201
0.18200000000000105,1.1996141938798697
0.18300000000000105,1.200814408080832
0.18400000000000105,1.2020158230963027
0.18500000000000105,1.2032184401276966
0.18600000000000105,1.204422260377631
0.18700000000000105,1.2056272850499261
0.18800000000000106,1.2068335153496066
0.18900000000000106,1.208040952482903
0.19000000000000106,1.2092495976572528
0.19100000000000106,1.2104594520813008
0.19200000000000106,1.2116705169649018
0.19300000000000106,1.2128827935191209
0.19400000000000106,1.2140962829562343
0.19500000000000106,1.215310986489732
0.19600000000000106,1.2165269053343175
0.19700000000000106,1.2177440407059097
0.19800000000000106,1.218962393821644
0.19900000000000106,1.2201819658998738
0.20000000000000107,1.2214027581601712
0.20100000000000107,1.2226247718233285
0.20200000000000107,1.2238480081113594
0.20300000000000107,1.2250724682475005
0.20400000000000107,1.2262981534562118
0.20500000000000107,1.227525064963179
0.20600000000000107,1.2287532039953133
0.20700000000000107,1.229982571780754
0.20800000000000107,1.231213169548869
0.20900000000000107,1.2324449985302561
0.21000000000000107,1.2336780599567445
0.21100000000000108,1.2349123550613956
0.21200000000000108,1.2361478850785048
0.21300000000000108,1.237384651243602
0.21400000000000108,1.2386226547934536
0.21500000000000108,1.2398618969660633
0.21600000000000108,1.241102379000673
0.21700000000000108,1.2423441021377655
0.21800000000000108,1.2435870676190632
0.21900000000000108,1.2448312766875325
0.22000000000000108,1.246076730587382
0.22100000000000108,1.2473234305640661
0.22200000000000109,1.2485713778642848
0.2230000000000011,1.2498205737359853
0.2240000000000011,1.2510710194283636
0.2250000000000011,1.2523227161918657
0.2260000000000011,1.2535756652781884
0.2270000000000011,1.2548298679402807
0.2280000000000011,1.2560853254323454
0.2290000000000011,1.2573420390098404
0.2300000000000011,1.2586000099294792
0.2310000000000011,1.2598592394492327
0.2320000000000011,1.261119728828331
0.2330000000000011,1.2623814793272627
0.2340000000000011,1.2636444922077792
0.2350000000000011,1.264908768732893
0.2360000000000011,1.2661743101668812
0.2370000000000011,1.2674411177752851
0.2380000000000011,1.2687091928249121
0.2390000000000011,1.2699785365838379
0.2400000000000011,1.271249150321406
0.2410000000000011,1.2725210353082306
0.2420000000000011,1.2737941928161962
0.2430000000000011,1.275068624118461
0.2440000000000011,1.2763443304894562
0.2450000000000011,1.277621313204888
0.2460000000000011,1.2788995735417397
0.2470000000000011,1.2801791127782713
0.2480000000000011,1.2814599321940225
0.2490000000000011,1.2827420330698127
0.2500000000000011,1.284025416687743
0.2510000000000011,1.2853100843311966
0.2520000000000011,1.286596037284842
0.2530000000000011,1.2878832768346318
0.2540000000000011,1.2891718042678058
0.2550000000000011,1.2904616208728914
0.2560000000000011,1.2917527279397054
0.2570000000000011,1.293045126759355
0.2580000000000011,1.2943388186242393
0.2590000000000011,1.2956338048280498
0.2600000000000011,1.2969300866657731
0.2610000000000011,1.2982276654336915
0.2620000000000011,1.2995265424293831
0.2630000000000011,1.3008267189517257
0.2640000000000011,1.3021281963008955
0.2650000000000011,1.3034309757783702
0.2660000000000011,1.3047350586869293
0.2670000000000011,1.3060404463306559
0.2680000000000011,1.3073471400149375
0.2690000000000011,1.3086551410464682
0.27000000000000113,1.3099644507332489
0.27100000000000113,1.3112750703845895
0.27200000000000113,1.3125870013111098
0.27300000000000113,1.3139002448247408
0.27400000000000113,1.315214802238726
0.27500000000000113,1.316530674867623
0.27600000000000113,1.3178478640273048
0.27700000000000113,1.3191663710349604
0.27800000000000114,1.3204861972090969
0.27900000000000114,1.3218073438695406
0.28000000000000114,1.3231298123374384
0.28100000000000114,1.3244536039352588
0.28200000000000114,1.3257787199867934
0.28300000000000114,1.3271051618171588
0.28400000000000114,1.3284329307527962
0.28500000000000114,1.3297620281214753
0.28600000000000114,1.3310924552522931
0.28700000000000114,1.3324242134756774
0.28800000000000114,1.3337573041233861
0.28900000000000114,1.33509172852851
0.29000000000000115,1.3364274880254736
0.29100000000000115,1.3377645839500367
0.29200000000000115,1.3391030176392953
0.29300000000000115,1.3404427904316831
0.29400000000000115,1.341783903666973
0.29500000000000115,1.3431263586862783
0.29600000000000115,1.3444701568320543
0.29700000000000115,1.3458152994480992
0.29800000000000115,1.3471617878795556
0.29900000000000115,1.3485096234729121
0.30000000000000115,1.3498588075760047
0.30100000000000116,1.351209341538017
0.30200000000000116,1.3525612267094838
0.30300000000000116,1.35391446444229
0.30400000000000116,1.3552690560896732
0.30500000000000116,1.3566250030062257
0.30600000000000116,1.357982306547894
0.30700000000000116,1.3593409680719821
0.30800000000000116,1.3607009889371517
0.30900000000000116,1.3620623705034236
0.31000000000000116,1.3634251141321794
0.31100000000000116,1.364789221186163
0.31200000000000117,1.3661546930294814
0.31300000000000117,1.3675215310276068
0.31400000000000117,1.3688897365473771
0.31500000000000117,1.3702593109569983
0.31600000000000117,1.3716302556260442
0.31700000000000117,1.3730025719254604
0.31800000000000117,1.3743762612275627
0.31900000000000117,1.375751324906041
0.3200000000000012,1.3771277643359587
0.3210000000000012,1.3785055808937554
0.3220000000000012,1.3798847759572481
0.3230000000000012,1.3812653509056316
0.3240000000000012,1.3826473071194811
0.3250000000000012,1.384030645980753
0.3260000000000012,1.3854153688727862
0.3270000000000012,1.3868014771803037
0.3280000000000012,1.388188972289414
0.3290000000000012,1.3895778555876124
0.3300000000000012,1.3909681284637818
0.3310000000000012,1.3923597923081958
0.3320000000000012,1.3937528485125183
0.3330000000000012,1.3951472984698052
0.3340000000000012,1.396543143574507
0.3350000000000012,1.3979403852224688
0.3360000000000012,1.399339024810932
0.3370000000000012,1.4007390637385368
0.3380000000000012,1.4021405034053223
0.3390000000000012,1.4035433452127277
0.3400000000000012,1.4049475905635955
0.3410000000000012,1.4063532408621708
0.3420000000000012,1.4077602975141041
0.3430000000000012,1.4091687619264526
0.3440000000000012,1.4105786355076801
0.3450000000000012,1.4119899196676609
0.3460000000000012,1.4134026158176787
0.3470000000000012,1.4148167253704305
0.3480000000000012,1.4162322497400253
0.3490000000000012,1.4176491903419879
0.3500000000000012,1.419067548593259
0.3510000000000012,1.4204873259121968
0.3520000000000012,1.4219085237185791
0.3530000000000012,1.4233311434336036
0.3540000000000012,1.4247551864798902
0.3550000000000012,1.4261806542814819
0.3560000000000012,1.4276075482638466
0.3570000000000012,1.4290358698538788
0.3580000000000012,1.4304656204798998
0.3590000000000012,1.4318968015716604
0.3600000000000012,1.433329414560342
0.3610000000000012,1.4347634608785576
0.3620000000000012,1.4361989419603536
0.3630000000000012,1.4376358592412113
0.3640000000000012,1.439074214158048
0.3650000000000012,1.440514008149219
0.3660000000000012,1.441955242654518
0.3670000000000012,1.4433979191151796
0.3680000000000012,1.4448420389738807
0.3690000000000012,1.4462876036747414
0.3700000000000012,1.4477346146633263
0.3710000000000012,1.4491830733866464
0.3720000000000012,1.4506329812931607
0.3730000000000012,1.452084339832777
0.3740000000000012,1.4535371504568542
0.3750000000000012,1.454991414618203
0.3760000000000012,1.4564471337710878
0.3770000000000012,1.4579043093712276
0.3780000000000012,1.4593629428757984
0.3790000000000012,1.4608230357434335
0.3800000000000012,1.4622845894342262
0.3810000000000012,1.4637476054097303
0.3820000000000012,1.4652120851329618
0.38300000000000123,1.4666780300684004
0.38400000000000123,1.4681454416819912
0.38500000000000123,1.4696143214411461
0.38600000000000123,1.471084670814745
0.38700000000000123,1.4725564912731373
0.38800000000000123,1.4740297842881434
0.38900000000000123,1.4755045513330567
0.39000000000000123,1.4769807938826445
0.39100000000000124,1.478458513413149
0.39200000000000124,1.4799377114022902
0.39300000000000124,1.4814183893292663
0.39400000000000124,1.4829005486747548
0.39500000000000124,1.484384190920916
0.39600000000000124,1.4858693175513915
0.39700000000000124,1.4873559300513084
0.39800000000000124,1.4888440299072794
0.39900000000000124,1.4903336186074043
0.40000000000000124,1.4918246976412721
0.40100000000000124,1.4933172684999618
0.40200000000000125,1.4948113326760446
0.40300000000000125,1.4963068916635844
0.40400000000000125,1.4978039469581408
0.40500000000000125,1.4993025000567688
0.40600000000000125,1.5008025524580217
0.40700000000000125,1.5023041056619524
0.40800000000000125,1.5038071611701138
0.40900000000000125,1.5053117204855617
0.41000000000000125,1.5068177851128555
0.41100000000000125,1.5083253565580599
0.41200000000000125,1.5098344363287468
0.41300000000000125,1.5113450259339956
0.41400000000000126,1.5128571268843964
0.41500000000000126,1.5143707406920501
0.41600000000000126,1.5158858688705708
0.41700000000000126,1.5174025129350865
0.41800000000000126,1.5189206744022419
0.41900000000000126,1.5204403547901981
0.42000000000000126,1.5219615556186357
0.42100000000000126,1.5234842784087559
0.42200000000000126,1.5250085246832814
0.42300000000000126,1.5265342959664585
0.42400000000000126,1.5280615937840591
0.42500000000000127,1.5295904196633807
0.42600000000000127,1.5311207751332494
0.42700000000000127,1.5326526617240208
0.42800000000000127,1.5341860809675816
0.42900000000000127,1.5357210343973513
0.43000000000000127,1.5372575235482833
0.43100000000000127,1.538795549956867
0.43200000000000127,1.5403351151611289
0.4330000000000013,1.5418762207006345
0.4340000000000013,1.543418868116489
0.4350000000000013,1.5449630589513403
0.4360000000000013,1.5465087947493794
0.4370000000000013,1.548056077056342
0.4380000000000013,1.5496049074195108
0.4390000000000013,1.5511552873877161
0.4400000000000013,1.552707218511338
0.4410000000000013,1.5542607023423078
0.4420000000000013,1.5558157404341095
0.4430000000000013,1.5573723343417814
0.4440000000000013,1.5589304856219173
0.4450000000000013,1.5604901958326687
0.4460000000000013,1.562051466533746
0.4470000000000013,1.5636142992864202
0.4480000000000013,1.5651786956535236
0.4490000000000013,1.5667446571994534
0.4500000000000013,1.568312185490171
0.4510000000000013,1.5698812820932044
0.4520000000000013,1.571451948577651
0.4530000000000013,1.5730241865141772
0.4540000000000013,1.5745979974750208
0.4550000000000013,1.5761733830339932
0.4560000000000013,1.57775034476648
0.4570000000000013,1.579328884249443
0.4580000000000013,1.580909003061422
0.4590000000000013,1.5824907027825355
0.4600000000000013,1.5840739849944838
0.4610000000000013,1.5856588512805492
0.4620000000000013,1.587245303225598
0.4630000000000013,1.588833342416082
0.4640000000000013,1.5904229704400412
0.4650000000000013,1.5920141888871033
0.4660000000000013,1.593606999348487
0.4670000000000013,1.5952014034170026
0.4680000000000013,1.5967974026870546
0.4690000000000013,1.5983949987546426
0.4700000000000013,1.5999941932173622
0.4710000000000013,1.6015949876744087
0.4720000000000013,1.6031973837265763
0.4730000000000013,1.604801382976261
0.4740000000000013,1.6064069870274624
0.4750000000000013,1.608014197485785
0.4760000000000013,1.6096230159584388
0.4770000000000013,1.6112334440542428
0.4780000000000013,1.6128454833836252
0.4790000000000013,1.6144591355586253
0.4800000000000013,1.6160744021928954
0.4810000000000013,1.6176912849017027
0.4820000000000013,1.6193097853019294
0.4830000000000013,1.6209299050120765
0.4840000000000013,1.6225516456522635
0.4850000000000013,1.6241750088442315
0.4860000000000013,1.6257999962113436
0.4870000000000013,1.6274266093785876
0.4880000000000013,1.6290548499725763
0.4890000000000013,1.630684719621551
0.4900000000000013,1.6323162199553811
0.4910000000000013,1.6339493526055673
0.4920000000000013,1.635584119205242
0.4930000000000013,1.6372205213891724
0.4940000000000013,1.6388585607937607
0.49500000000000133,1.6404982390570462
0.49600000000000133,1.6421395578187075
0.49700000000000133,1.6437825187200634
0.49800000000000133,1.6454271234040752
0.49900000000000133,1.6470733735153473
0.5000000000000013,1.6487212707001304
0.5010000000000013,1.6503708166063213
0.5020000000000013,1.6520220128834666
0.5030000000000013,1.6536748611827623
0.5040000000000013,1.6553293631570571
0.5050000000000013,1.656985520460853
0.5060000000000013,1.6586433347503073
0.5070000000000013,1.6603028076832347
0.5080000000000013,1.661963940919108
0.5090000000000013,1.6636267361190609
0.5100000000000013,1.6652911949458886
0.5110000000000013,1.6669573190640499
0.5120000000000013,1.6686251101396692
0.5130000000000013,1.6702945698405376
0.5140000000000013,1.671965699836115
0.5150000000000013,1.6736385017975317
0.5160000000000013,1.6753129773975897
0.5170000000000013,1.6769891283107645
0.5180000000000013,1.6786669562132075
0.5190000000000013,1.6803464627827467
0.5200000000000014,1.6820276496988886
0.5210000000000014,1.6837105186428205
0.5220000000000014,1.685395071297411
0.5230000000000014,1.6870813093472137
0.5240000000000014,1.688769234478466
0.5250000000000014,1.6904588483790937
0.5260000000000014,1.6921501527387106
0.5270000000000014,1.6938431492486212
0.5280000000000014,1.6955378396018221
0.5290000000000014,1.6972342254930042
0.5300000000000014,1.698932308618553
0.5310000000000014,1.700632090676552
0.5320000000000014,1.7023335733667835
0.5330000000000014,1.70403675839073
0.5340000000000014,1.7057416474515772
0.5350000000000014,1.7074482422542139
0.5360000000000014,1.709156544505235
0.5370000000000014,1.7108665559129432
0.5380000000000014,1.7125782781873498
0.5390000000000014,1.7142917130401774
0.5400000000000014,1.7160068621848608
0.5410000000000014,1.7177237273365493
0.5420000000000014,1.7194423102121086
0.5430000000000014,1.7211626125301211
0.5440000000000014,1.7228846360108896
0.5450000000000014,1.7246083823764378
0.5460000000000014,1.726333853350512
0.5470000000000014,1.7280610506585834
0.5480000000000014,1.7297899760278497
0.5490000000000014,1.7315206311872358
0.5500000000000014,1.7332530178673977
0.5510000000000014,1.7349871378007218
0.5520000000000014,1.7367229927213281
0.5530000000000014,1.738460584365072
0.5540000000000014,1.7401999144695453
0.5550000000000014,1.7419409847740779
0.5560000000000014,1.7436837970197403
0.5570000000000014,1.7454283529493453
0.5580000000000014,1.7471746543074484
0.5590000000000014,1.7489227028403518
0.5600000000000014,1.7506725002961034
0.5610000000000014,1.7524240484245015
0.5620000000000014,1.754177348977094
0.5630000000000014,1.7559324037071815
0.5640000000000014,1.757689214369819
0.5650000000000014,1.7594477827218176
0.5660000000000014,1.7612081105217454
0.5670000000000014,1.7629701995299305
0.5680000000000014,1.764734051508462
0.5690000000000014,1.766499668221192
0.5700000000000014,1.7682670514337375
0.5710000000000014,1.770036202913482
0.5720000000000014,1.7718071244295768
0.5730000000000014,1.7735798177529436
0.5740000000000014,1.775354284656276
0.5750000000000014,1.777130526914041
0.5760000000000014,1.7789085463024807
0.5770000000000014,1.7806883445996153
0.5780000000000014,1.7824699235852428
0.5790000000000014,1.7842532850409425
0.5800000000000014,1.7860384307500758
0.5810000000000014,1.787825362497789
0.5820000000000014,1.7896140820710134
0.5830000000000014,1.7914045912584688
0.5840000000000014,1.793196891850665
0.5850000000000014,1.7949909856399027
0.5860000000000014,1.7967868744202753
0.5870000000000014,1.7985845599876722
0.5880000000000014,1.800384044139779
0.5890000000000014,1.8021853286760798
0.5900000000000014,1.8039884153978596
0.5910000000000014,1.805793306108205
0.5920000000000014,1.807600002612007
0.5930000000000014,1.8094085067159624
0.5940000000000014,1.811218820228575
0.5950000000000014,1.8130309449601592
0.5960000000000014,1.8148448827228392
0.5970000000000014,1.8166606353305532
0.5980000000000014,1.8184782045990537
0.5990000000000014,1.8202975923459106
0.6000000000000014,1.8221188003905116
0.6010000000000014,1.8239418305540647
0.6020000000000014,1.8257666846596003
0.6030000000000014,1.8275933645319729
0.6040000000000014,1.829421871997862
0.6050000000000014,1.831252208885776
0.6060000000000014,1.8330843770260512
0.6070000000000014,1.834918378250856
0.6080000000000014,1.8367542143941924
0.6090000000000014,1.838591887291896
0.6100000000000014,1.84043139878164
0.6110000000000014,1.8422727507029364
0.6120000000000014,1.844115944897137
0.6130000000000014,1.845960983207436
0.6140000000000014,1.847807867478872
0.6150000000000014,1.8496565995583298
0.6160000000000014,1.851507181294541
0.6170000000000014,1.853359614538088
0.6180000000000014,1.8552139011414037
0.6190000000000014,1.8570700429587754
0.6200000000000014,1.8589280418463447
0.6210000000000014,1.8607878996621108
0.6220000000000014,1.8626496182659316
0.6230000000000014,1.8645131995195259
0.6240000000000014,1.866378645286475
0.6250000000000014,1.8682459574322252
0.6260000000000014,1.8701151378240883
0.6270000000000014,1.871986188331245
0.6280000000000014,1.8738591108247462
0.6290000000000014,1.8757339071775143
0.6300000000000014,1.8776105792643458
0.6310000000000014,1.8794891289619131
0.6320000000000014,1.8813695581487662
0.6330000000000015,1.883251868705334
0.6340000000000015,1.8851360625139275
0.6350000000000015,1.8870221414587405
0.6360000000000015,1.8889101074258523
0.6370000000000015,1.890799962303229
0.6380000000000015,1.8926917079807255
0.6390000000000015,1.8945853463500877
0.6400000000000015,1.8964808793049541
0.6410000000000015,1.898378308740858
0.6420000000000015,1.9002776365552287
0.6430000000000015,1.9021788646473943
0.6440000000000015,1.904081994918583
0.6450000000000015,1.9059870292719254
0.6460000000000015,1.907893969612456
0.6470000000000015,1.9098028178471151
0.6480000000000015,1.9117135758847512
0.6490000000000015,1.9136262456361224
0.6500000000000015,1.9155408290138989
0.6510000000000015,1.9174573279326639
0.6520000000000015,1.9193757443089168
0.6530000000000015,1.9212960800610737
0.6540000000000015,1.9232183371094709
0.6550000000000015,1.9251425173763654
0.6560000000000015,1.927068622785938
0.6570000000000015,1.9289966552642936
0.6580000000000015,1.9309266167394654
0.6590000000000015,1.9328585091414148
0.6600000000000015,1.9347923344020344
0.6610000000000015,1.9367280944551497
0.6620000000000015,1.9386657912365208
0.6630000000000015,1.9406054266838446
0.6640000000000015,1.9425470027367568
0.6650000000000015,1.9444905213368338
0.6660000000000015,1.9464359844275942
0.6670000000000015,1.948383393954501
0.6680000000000015,1.9503327518649642
0.6690000000000015,1.952284060108342
0.6700000000000015,1.9542373206359425
0.6710000000000015,1.9561925354010263
0.6720000000000015,1.9581497063588087
0.6730000000000015,1.9601088354664606
0.6740000000000015,1.9620699246831113
0.6750000000000015,1.96403297596985
0.6760000000000015,1.9659979912897285
0.6770000000000015,1.9679649726077624
0.6780000000000015,1.9699339218909324
0.6790000000000015,1.9719048411081888
0.6800000000000015,1.9738777322304506
0.6810000000000015,1.975852597230609
0.6820000000000015,1.9778294380835293
0.6830000000000015,1.9798082567660527
0.6840000000000015,1.9817890552569974
0.6850000000000015,1.983771835537163
0.6860000000000015,1.9857565995893292
0.6870000000000015,1.9877433493982606
0.6880000000000015,1.989732086950707
0.6890000000000015,1.991722814235406
0.6900000000000015,1.9937155332430854
0.6910000000000015,1.995710245966464
0.6920000000000015,1.997706954400255
0.6930000000000015,1.999705660541167
0.6940000000000015,2.0017063663879058
0.6950000000000015,2.0037090739411783
0.6960000000000015,2.0057137852036915
0.6970000000000015,2.007720502180157
0.6980000000000015,2.0097292268772917
0.6990000000000015,2.0117399613038214
0.7000000000000015,2.0137527074704797
0.7010000000000015,2.0157674673900132
0.7020000000000015,2.017784243077182
0.7030000000000015,2.0198030365487623
0.7040000000000015,2.0218238498235475
0.7050000000000015,2.0238466849223506
0.7060000000000015,2.0258715438680075
0.7070000000000015,2.0278984286853774
0.7080000000000015,2.029927341401345
0.7090000000000015,2.0319582840448223
0.7100000000000015,2.0339912586467537
0.7110000000000015,2.0360262672401133
0.7120000000000015,2.038063311859909
0.7130000000000015,2.0401023945431875
0.7140000000000015,2.04214351732903
0.7150000000000015,2.04418668225856
0.7160000000000015,2.0462318913749424
0.7170000000000015,2.048279146723387
0.7180000000000015,2.050328450351149
0.7190000000000015,2.0523798043075323
0.7200000000000015,2.0544332106438907
0.7210000000000015,2.0564886714136312
0.7220000000000015,2.0585461886722145
0.7230000000000015,2.060605764477158
0.7240000000000015,2.0626674008880372
0.7250000000000015,2.06473109996649
0.7260000000000015,2.066796863776214
0.7270000000000015,2.0688646943829743
0.7280000000000015,2.0709345938546018
0.7290000000000015,2.073006564260995
0.7300000000000015,2.075080607674126
0.7310000000000015,2.0771567261680373
0.7320000000000015,2.0792349218188475
0.7330000000000015,2.081315196704753
0.7340000000000015,2.0833975529060287
0.7350000000000015,2.085481992505031
0.7360000000000015,2.0875685175861998
0.7370000000000015,2.0896571302360596
0.7380000000000015,2.091747832543224
0.7390000000000015,2.0938406265983955
0.7400000000000015,2.095935514494368
0.7410000000000015,2.0980324983260292
0.7420000000000015,2.100131580190364
0.7430000000000015,2.102232762186454
0.7440000000000015,2.104336046415481
0.7450000000000015,2.1064414349807303
0.7460000000000016,2.10854892998759
0.7470000000000016,2.110658533543555
0.7480000000000016,2.1127702477582297
0.7490000000000016,2.1148840747433284
0.7500000000000016,2.117000016612678
0.7510000000000016,2.1191180754822203
0.7520000000000016,2.121238253470015
0.7530000000000016,2.12336055269624
0.7540000000000016,2.1254849752831944
0.7550000000000016,2.1276115233553012
0.7560000000000016,2.129740199039109
0.7570000000000016,2.131871004463293
0.7580000000000016,2.1340039417586594
0.7590000000000016,2.1361390130581452
0.7600000000000016,2.138276220496822
0.7610000000000016,2.1404155662118973
0.7620000000000016,2.1425570523427178
0.7630000000000016,2.1447006810307685
0.7640000000000016,2.1468464544196793
0.7650000000000016,2.1489943746552234
0.7660000000000016,2.1511444438853213
0.7670000000000016,2.153296664260042
0.7680000000000016,2.155451037931607
0.7690000000000016,2.1576075670543893
0.7700000000000016,2.1597662537849183
0.7710000000000016,2.1619271002818814
0.7720000000000016,2.1640901087061244
0.7730000000000016,2.166255281220657
0.7740000000000016,2.168422619990651
0.7750000000000016,2.1705921271834456
0.7760000000000016,2.1727638049685485
0.7770000000000016,2.1749376555176374
0.7780000000000016,2.1771136810045633
0.7790000000000016,2.179291883605351
0.7800000000000016,2.1814722654982046
0.7810000000000016,2.183654828863505
0.7820000000000016,2.1858395758838167
0.7830000000000016,2.188026508743886
0.7840000000000016,2.1902156296306465
0.7850000000000016,2.1924069407332194
0.7860000000000016,2.1946004442429152
0.7870000000000016,2.1967961423532385
0.7880000000000016,2.198994037259887
0.7890000000000016,2.2011941311607566
0.7900000000000016,2.20339642625594
0.7910000000000016,2.205600924747734
0.7920000000000016,2.207807628840636
0.7930000000000016,2.210016540741351
0.7940000000000016,2.212227662658791
0.7950000000000016,2.2144409968040777
0.7960000000000016,2.216656545390546
0.7970000000000016,2.2188743106337445
0.7980000000000016,2.2210942947514383
0.7990000000000016,2.2233164999636124
0.8000000000000016,2.225540928492471
0.8010000000000016,2.227767582562444
0.8020000000000016,2.2299964644001853
0.8030000000000016,2.232227576234577
0.8040000000000016,2.2344609202967303
0.8050000000000016,2.2366964988199904
0.8060000000000016,2.238934314039936
0.8070000000000016,2.2411743681943816
0.8080000000000016,2.2434166635233828
0.8090000000000016,2.2456612022692344
0.8100000000000016,2.247907986676475
0.8110000000000016,2.25015701899189
0.8120000000000016,2.252408301464511
0.8130000000000016,2.2546618363456217
0.8140000000000016,2.2569176258887564
0.8150000000000016,2.259175672349705
0.8160000000000016,2.2614359779865145
0.8170000000000016,2.26369854505949
0.8180000000000016,2.2659633758311997
0.8190000000000016,2.268230472566474
0.8200000000000016,2.2704998375324092
0.8210000000000016,2.2727714729983717
0.8220000000000016,2.2750453812359965
0.8230000000000016,2.2773215645191924
0.8240000000000016,2.279600025124142
0.8250000000000016,2.281880765329307
0.8260000000000016,2.284163787415428
0.8270000000000016,2.286449093665526
0.8280000000000016,2.2887366863649086
0.8290000000000016,2.2910265678011683
0.8300000000000016,2.2933187402641866
0.8310000000000016,2.2956132060461365
0.8320000000000016,2.297909967441483
0.8330000000000016,2.3002090267469892
0.8340000000000016,2.3025103862617136
0.8350000000000016,2.304814048287016
0.8360000000000016,2.307120015126559
0.8370000000000016,2.3094282890863096
0.8380000000000016,2.311738872474541
0.8390000000000016,2.314051767601838
0.8400000000000016,2.3163669767810955
0.8410000000000016,2.318684502327523
0.8420000000000016,2.3210043465586456
0.8430000000000016,2.323326511794308
0.8440000000000016,2.325651000356676
0.8450000000000016,2.3279778145702386
0.8460000000000016,2.3303069567618095
0.8470000000000016,2.3326384292605313
0.8480000000000016,2.3349722343978767
0.8490000000000016,2.3373083745076513
0.8500000000000016,2.3396468519259948
0.8510000000000016,2.3419876689913854
0.8520000000000016,2.34433082804464
0.8530000000000016,2.3466763314289185
0.8540000000000016,2.3490241814897237
0.8550000000000016,2.3513743805749057
0.8560000000000016,2.353726931034665
0.8570000000000016,2.3560818352215507
0.8580000000000017,2.3584390954904686
0.8590000000000017,2.3607987141986784
0.8600000000000017,2.3631606937057987
0.8610000000000017,2.36552503637381
0.8620000000000017,2.367891744567055
0.8630000000000017,2.3702608206522413
0.8640000000000017,2.3726322669984463
0.8650000000000017,2.375006085977116
0.8660000000000017,2.3773822799620694
0.8670000000000017,2.3797608513295008
0.8680000000000017,2.382141802457982
0.8690000000000017,2.384525135728464
0.8700000000000017,2.3869108535242805
0.8710000000000017,2.3892989582311497
0.8720000000000017,2.391689452237176
0.8730000000000017,2.3940823379328537
0.8740000000000017,2.3964776177110694
0.8750000000000017,2.398875293967102
0.8760000000000017,2.4012753690986286
0.8770000000000017,2.403677845505724
0.8780000000000017,2.406082725590866
0.8790000000000017,2.408490011758934
0.8800000000000017,2.4108997064172137
0.8810000000000017,2.4133118119754013
0.8820000000000017,2.415726330845602
0.8830000000000017,2.418143265442335
0.8840000000000017,2.4205626181825344
0.8850000000000017,2.4229843914855542
0.8860000000000017,2.425408587773167
0.8870000000000017,2.42783520946957
0.8880000000000017,2.4302642590013845
0.8890000000000017,2.432695738797661
0.8900000000000017,2.435129651289879
0.8910000000000017,2.4375659989119507
0.8920000000000017,2.4400047841002244
0.8930000000000017,2.442446009293486
0.8940000000000017,2.44488967693296
0.8950000000000017,2.4473357894623153
0.8960000000000017,2.4497843493276634
0.8970000000000017,2.4522353589775654
0.8980000000000017,2.4546888208630304
0.8990000000000017,2.4571447374375213
0.9000000000000017,2.459603111156954
0.9010000000000017,2.4620639444797026
0.9020000000000017,2.464527239866601
0.9030000000000017,2.466992999780945
0.9040000000000017,2.469461226688494
0.9050000000000017,2.471931923057476
0.9060000000000017,2.4744050913585864
0.9070000000000017,2.4768807340649945
0.9080000000000017,2.4793588536523434
0.9090000000000017,2.4818394525987526
0.9100000000000017,2.484322533384821
0.9110000000000017,2.4868080984936296
0.9120000000000017,2.4892961504107443
0.9130000000000017,2.4917866916242164
0.9140000000000017,2.494279724624588
0.9150000000000017,2.4967752519048925
0.9160000000000017,2.4992732759606566
0.9170000000000017,2.501773799289905
0.9180000000000017,2.504276824393161
0.9190000000000017,2.50678235377345
0.9200000000000017,2.509290389936302
0.9210000000000017,2.511800935389753
0.9220000000000017,2.5143139926443485
0.9230000000000017,2.5168295642131464
0.9240000000000017,2.5193476526117182
0.9250000000000017,2.5218682603581524
0.9260000000000017,2.524391389973057
0.9270000000000017,2.5269170439795623
0.9280000000000017,2.529445224903322
0.9290000000000017,2.5319759352725173
0.9300000000000017,2.534509177617859
0.9310000000000017,2.5370449544725897
0.9320000000000017,2.539583268372486
0.9330000000000017,2.542124121855862
0.9340000000000017,2.5446675174635724
0.9350000000000017,2.547213457739012
0.9360000000000017,2.5497619452281217
0.9370000000000017,2.552312982479389
0.9380000000000017,2.5548665720438515
0.9390000000000017,2.5574227164750987
0.9400000000000017,2.5599814183292757
0.9410000000000017,2.562542680165085
0.9420000000000017,2.565106504543787
0.9430000000000017,2.5676728940292075
0.9440000000000017,2.5702418511877365
0.9450000000000017,2.5728133785883305
0.9460000000000017,2.5753874788025177
0.9470000000000017,2.5779641544043983
0.9480000000000017,2.580543407970648
0.9490000000000017,2.5831252420805204
0.9500000000000017,2.585709659315851
0.9510000000000017,2.5882966622610555
0.9520000000000017,2.5908862535031383
0.9530000000000017,2.5934784356316904
0.9540000000000017,2.5960732112388945
0.9550000000000017,2.5986705829195262
0.9560000000000017,2.6012705532709575
0.9570000000000017,2.603873124893158
0.9580000000000017,2.6064783003887015
0.9590000000000017,2.609086082362762
0.9600000000000017,2.6116964734231223
0.9610000000000017,2.6143094761801735
0.9620000000000017,2.6169250932469192
0.9630000000000017,2.619543327238976
0.9640000000000017,2.622164180774578
0.9650000000000017,2.62478765647458
0.9660000000000017,2.6274137569624565
0.9670000000000017,2.6300424848643096
0.9680000000000017,2.6326738428088663
0.9690000000000017,2.6353078334274853
0.9700000000000017,2.637944459354157
0.9710000000000018,2.6405837232255083
0.9720000000000018,2.6432256276808026
0.9730000000000018,2.6458701753619454
0.9740000000000018,2.6485173689134833
0.9750000000000018,2.6511672109826114
0.9760000000000018,2.653819704219171
0.9770000000000018,2.6564748512756564
0.9780000000000018,2.6591326548072143
0.9790000000000018,2.6617931174716483
0.9800000000000018,2.6644562419294218
0.9810000000000018,2.667122030843659
0.9820000000000018,2.66979048688015
0.9830000000000018,2.67246161270735
0.9840000000000018,2.675135410996385
0.9850000000000018,2.6778118844210543
0.9860000000000018,2.6804910356578313
0.9870000000000018,2.683172867385867
0.9880000000000018,2.685857382286994
0.9890000000000018,2.688544583045727
0.9900000000000018,2.691234472349267
0.9910000000000018,2.6939270528875037
0.9920000000000018,2.6966223273530177
0.9930000000000018,2.699320298441084
0.9940000000000018,2.7020209688496735
0.9950000000000018,2.704724341279457
0.9960000000000018,2.707430418433807
0.9970000000000018,2.7101392030188016
0.9980000000000018,2.7128506977432245
0.9990000000000018,2.7155649053185713
